5.020098e+001,1.075052e+000
5.212945e+001,5.152822e+000
5.405791e+001,2.161772e+001
5.598638e+001,2.414490e+001
5.791485e+001,1.922495e+001
5.984332e+001,9.578398e+000
6.177178e+001,-2.792012e+000
6.370025e+001,-8.821613e+000
6.562872e+001,6.377714e+000
6.755718e+001,2.950863e+001
6.948565e+001,3.888796e+001
7.141412e+001,1.110671e+001
7.334258e+001,3.991830e+000
7.527105e+001,1.494799e+001
7.719952e+001,2.663990e+001
7.912798e+001,2.678941e+001
8.105645e+001,2.809421e+001
8.298492e+001,2.898336e+001
8.491338e+001,1.434641e+001
8.684185e+001,-9.136845e+000
8.877032e+001,-2.254882e+001
9.069878e+001,-1.109945e+001
9.262725e+001,2.333776e+001
9.455572e+001,4.905137e+001
9.648418e+001,4.428610e+001
9.841265e+001,6.538270e+000
1.003411e+002,3.410015e-001
1.022696e+002,-8.156311e+000
1.041981e+002,6.938930e+000
1.061265e+002,4.596695e+001
1.080550e+002,3.824341e+001
1.099835e+002,1.237798e+001
1.119119e+002,-5.988067e+000
1.138404e+002,-1.542443e+000
1.157689e+002,2.245830e+001
1.176973e+002,1.672556e+001
1.196258e+002,1.172124e+001
1.215543e+002,1.641108e+001
1.234827e+002,1.962488e+001
1.254112e+002,4.823450e+000
1.273397e+002,1.404193e+001
1.292681e+002,-1.196446e+000
1.311966e+002,1.226865e+001
1.331251e+002,4.245394e+001
1.350535e+002,3.273807e+000
1.369820e+002,-2.892267e+001
1.389105e+002,-1.108448e+001
1.408389e+002,6.921595e+000
1.427674e+002,-2.496866e+000
1.446959e+002,6.808420e+000
1.466243e+002,-6.429023e+000
1.485528e+002,5.435419e-001
1.504813e+002,1.114330e+001
1.524097e+002,2.950065e+000
1.543382e+002,-9.537020e+000
1.562667e+002,-6.211882e+000
1.581951e+002,4.696396e+000
1.601236e+002,1.177489e+001
1.620521e+002,6.694218e+000
1.639805e+002,-3.837731e+000
1.659090e+002,1.004554e+000
1.678375e+002,3.269886e+000
1.697659e+002,8.393687e+000
1.716944e+002,2.727950e+001
1.736229e+002,7.595701e-001
1.755513e+002,3.918556e+000
1.774798e+002,8.085476e+000
1.794083e+002,-2.893609e+000
1.813367e+002,-2.334041e+001
1.832652e+002,-3.559147e+001
1.851937e+002,-6.064486e+000
1.871221e+002,1.251377e+001
1.890506e+002,2.939583e+000
1.909791e+002,-6.082401e-001
1.929075e+002,6.140776e+000
1.948360e+002,-1.804846e+000
1.967645e+002,-1.384743e+001
1.986929e+002,-1.735677e+001
2.006214e+002,-7.508167e+000
2.025499e+002,-1.345250e+000
2.044783e+002,2.036989e+001
2.064068e+002,2.323774e+001
2.083353e+002,8.278623e-001
2.102637e+002,4.984574e+000
2.121922e+002,2.518692e-001
2.141207e+002,1.855179e+000
2.160491e+002,1.813660e+000
2.179776e+002,-5.362749e-001
2.199061e+002,1.500842e+001
2.218345e+002,5.489832e+000
2.237630e+002,-1.458998e+001
2.256915e+002,-1.882312e+001
2.276199e+002,-2.450157e+000
2.295484e+002,-6.117424e+000
2.314769e+002,-5.218363e+000
2.334053e+002,4.112688e+000
2.353338e+002,8.355098e+000
2.372623e+002,4.136686e-001
2.391907e+002,-3.908723e+000
2.411192e+002,1.146621e+000
2.430477e+002,4.224566e+000
2.449761e+002,4.029099e+000
2.469046e+002,2.791368e+000
2.488331e+002,3.191905e+000
2.507615e+002,1.591483e+001
2.526900e+002,1.235104e+001
2.546185e+002,1.155578e+001
2.565469e+002,2.100779e+001
2.584754e+002,2.708433e+000
2.604039e+002,4.286835e+000
2.623323e+002,7.686646e+000
2.642608e+002,1.142066e+001
2.661893e+002,1.647115e+001
2.681177e+002,2.048547e+001
2.700462e+002,1.155577e+001
2.719747e+002,2.951524e+000
2.739031e+002,5.978531e+000
2.758316e+002,1.941295e+001
2.777601e+002,2.495447e+001
2.796885e+002,1.464854e+001
2.816170e+002,1.090834e+001
2.835455e+002,7.588637e+000
2.854739e+002,2.817580e+000
2.874024e+002,6.385255e+000
2.893309e+002,5.916199e+000
2.912593e+002,1.616092e+001
2.931878e+002,2.468287e+001
2.951163e+002,2.529433e+001
2.970447e+002,2.296387e+001
2.989732e+002,1.472377e+001
3.009017e+002,1.351341e+001
3.028301e+002,1.472883e+001
3.047586e+002,1.692936e+001
3.066871e+002,2.104010e+001
3.086155e+002,1.409341e+001
3.105440e+002,5.496491e+000
3.124725e+002,7.237969e+000
3.144009e+002,1.325411e+001
3.163294e+002,1.160820e+001
3.182579e+002,1.707528e+001
3.201863e+002,2.383571e+001
3.221148e+002,7.308342e+000
3.240433e+002,-1.377076e+000
3.259717e+002,2.470059e+001
3.279002e+002,2.387831e+001
3.298287e+002,3.402310e+000
3.317571e+002,-1.790760e+001
3.336856e+002,-1.888149e+001
3.356141e+002,-5.559616e-001
3.375425e+002,-2.974516e+000
3.394710e+002,-4.484275e+000
3.413995e+002,5.465862e+000
3.433279e+002,1.735371e+001
3.452564e+002,2.131181e+001
3.471849e+002,1.546804e+001
3.491133e+002,9.174293e+000
3.510418e+002,5.696714e+000
3.529703e+002,7.713580e+000
3.548987e+002,1.488321e+001
3.568272e+002,2.318113e+001
3.587557e+002,2.339506e+001
3.606841e+002,6.262722e+000
3.626126e+002,4.676313e+000
3.645411e+002,1.580380e+001
3.664695e+002,2.082767e+001
3.683980e+002,2.157940e+001
3.703265e+002,6.985325e+000
3.722549e+002,3.007407e+000
3.741834e+002,3.655138e+000
3.761119e+002,7.191896e-001
3.780403e+002,2.081998e+000
3.799688e+002,3.803621e+000
3.818973e+002,2.065794e+000
3.838257e+002,1.392073e+000
3.857542e+002,3.307339e+000
3.876827e+002,4.303841e+000
3.896111e+002,-4.655342e-001
3.915396e+002,5.797363e+000
3.934681e+002,1.807191e+001
3.953965e+002,1.654022e+001
3.973250e+002,-2.939816e+000
3.992535e+002,2.240761e+001
4.011819e+002,2.191090e+001
4.031104e+002,1.095059e+001
4.050389e+002,-7.369356e-001
4.069673e+002,-4.185244e+000
4.088958e+002,8.181507e+000
4.108243e+002,9.776817e+000
4.127527e+002,4.489489e+000
4.146812e+002,1.393464e+001
4.166097e+002,2.697610e+001
4.185381e+002,1.325431e+001
4.204666e+002,-7.790333e+000
4.223951e+002,3.817036e+000
4.243235e+002,1.984222e+001
4.262520e+002,2.994591e+001
4.281805e+002,3.442120e+001
4.301089e+002,3.464578e+001
4.320374e+002,3.141414e+001
4.339659e+002,1.706505e+001
4.358943e+002,1.017696e+001
4.378228e+002,1.176378e+001
4.397513e+002,4.278739e+000
4.416797e+002,-1.857991e+000
4.436082e+002,8.309386e+000
4.455367e+002,1.392664e+001
4.474651e+002,8.578685e+000
4.493936e+002,-2.348665e+000
4.513221e+002,-7.992373e+000
4.532505e+002,9.194044e+000
4.551790e+002,1.554421e+001
4.571075e+002,6.670816e+000
4.590359e+002,1.436605e-001
4.609644e+002,1.809494e+001
4.628929e+002,2.956086e+001
4.648214e+002,1.994792e+001
4.667498e+002,2.630116e+001
4.686783e+002,3.934447e+001
4.706068e+002,3.607657e+001
4.725352e+002,1.684287e+001
4.744637e+002,1.445951e+001
4.763922e+002,2.087059e+001
4.783206e+002,1.441013e+001
4.802491e+002,-1.050492e+000
4.821776e+002,-1.549756e+000
4.841060e+002,1.683786e+001
4.860345e+002,2.867056e+001
4.879630e+002,3.494469e+001
4.898914e+002,2.976069e+001
4.918199e+002,1.525312e+001
4.937484e+002,7.956768e+000
4.956768e+002,1.293571e+001
4.976053e+002,4.696449e+000
4.995338e+002,3.422771e-001
5.014622e+002,5.429424e+000
5.033907e+002,1.754978e+001
5.053192e+002,4.136690e+001
5.072476e+002,3.003667e+001
5.091761e+002,2.721942e+001
5.111046e+002,2.094110e+001
5.130330e+002,2.296530e+001
5.149615e+002,5.475876e+001
5.168900e+002,1.301357e+001
5.188184e+002,-5.055130e+000
5.207469e+002,-7.290516e+000
5.226754e+002,8.466962e+000
5.246038e+002,3.003363e+001
5.265323e+002,2.389029e+001
5.284608e+002,1.144759e+001
5.303892e+002,1.414531e+001
5.323177e+002,1.835450e+001
5.342462e+002,2.499649e+001
5.361746e+002,3.224872e+001
5.381031e+002,1.334247e+001
5.400316e+002,3.312613e+001
5.419600e+002,2.266415e+001
5.438885e+002,2.492926e+001
5.458170e+002,3.071384e+001
5.477454e+002,4.924780e+000
5.496739e+002,1.049864e+001
5.516024e+002,-1.148127e+001
5.535308e+002,-8.475227e+000
5.554593e+002,2.972339e+000
5.573878e+002,3.159176e+000
5.593162e+002,-4.792728e+000
5.612447e+002,7.025484e+000
5.631732e+002,9.045047e+000
5.651016e+002,1.585164e+000
5.670301e+002,3.512804e+000
5.689586e+002,1.475660e+001
5.708870e+002,8.150393e+000
5.728155e+002,-1.584323e+001
5.747440e+002,3.263296e+000
5.766724e+002,1.897221e+001
5.786009e+002,1.925370e+001
5.805294e+002,1.145217e+001
5.824578e+002,5.190098e+000
5.843863e+002,2.002584e+001
5.863148e+002,1.543328e+001
5.882432e+002,6.984145e+000
5.901717e+002,4.059097e+000
5.921002e+002,6.232494e+000
5.940286e+002,6.675642e+000
5.959571e+002,4.415255e+000
5.978856e+002,5.394188e+000
5.998140e+002,9.060575e+000
6.017425e+002,1.233468e+001
6.036710e+002,1.323843e+001
6.055994e+002,1.369320e+001
6.075279e+002,1.584492e+001
6.094564e+002,1.802992e+001
6.113848e+002,1.068792e+001
6.133133e+002,2.181789e+000
6.152418e+002,6.255771e+000
6.171702e+002,2.240582e+001
6.190987e+002,7.014900e+000
6.210272e+002,1.217858e+001
6.229556e+002,1.724143e+001
6.248841e+002,1.959242e+001
6.268126e+002,2.292248e+001
6.287410e+002,1.677332e+001
6.306695e+002,1.070367e+001
6.325980e+002,8.439597e+000
6.345264e+002,8.797232e+000
6.364549e+002,1.099262e+001
6.383834e+002,1.435302e+001
6.403118e+002,1.754030e+001
6.422403e+002,1.975493e+001
6.441688e+002,1.796544e+001
6.460972e+002,8.987059e+000
6.480257e+002,7.289432e+000
6.499542e+002,1.391692e+001
6.518826e+002,6.453654e+000
6.538111e+002,3.420537e+001
6.557396e+002,2.930162e+001
6.576680e+002,1.711495e+001
6.595965e+002,7.763049e+000
6.615250e+002,-1.201992e-001
6.634534e+002,-8.596567e+000
6.653819e+002,-5.627424e+000
6.673104e+002,3.478079e+000
6.692388e+002,6.602158e+000
6.711673e+002,5.042765e+000
6.730958e+002,5.432319e+000
6.750242e+002,1.111984e+001
6.769527e+002,1.230014e+001
6.788812e+002,5.536841e+000
6.808096e+002,-6.713365e+000
6.827381e+002,-4.354934e+000
6.846666e+002,8.455347e+000
6.865950e+002,9.179726e+000
6.885235e+002,-5.526052e+000
6.904520e+002,-6.111602e+000
6.923804e+002,-4.762610e+000
6.943089e+002,8.250886e+000
6.962374e+002,1.674242e+001
6.981658e+002,6.781758e+000
7.000943e+002,2.582212e+000
7.020228e+002,-3.250117e+000
7.039512e+002,1.811753e+000
7.058797e+002,6.436189e+000
7.078082e+002,4.734368e+000
7.097366e+002,5.088786e+000
7.116651e+002,1.956962e+001
7.135936e+002,7.144891e+000
7.155220e+002,1.078390e+001
7.174505e+002,8.018056e+000
7.193790e+002,1.140759e+000
7.213074e+002,9.182401e-001
7.232359e+002,9.405320e+000
7.251644e+002,5.019094e+000
7.270928e+002,3.283775e+000
7.290213e+002,1.449162e+000
7.309498e+002,1.441769e+001
7.328782e+002,2.389417e+001
7.348067e+002,1.366478e+001
7.367352e+002,8.816087e+000
7.386636e+002,6.652087e+000
7.405921e+002,3.996229e+000
7.425206e+002,1.459724e+001
7.444490e+002,2.730560e+001
7.463775e+002,2.473733e+001
7.483060e+002,7.298979e+000
7.502344e+002,1.777655e+001
7.521629e+002,4.208597e+001
7.540914e+002,3.220051e+001
7.560198e+002,3.277609e+001
7.579483e+002,3.165238e+001
7.598768e+002,7.213254e+000
7.618052e+002,9.615374e+000
7.637337e+002,5.105710e+000
7.656622e+002,-3.144110e+000
7.675906e+002,-6.373882e+000
7.695191e+002,2.429059e+000
7.714476e+002,1.454542e+001
7.733760e+002,1.399785e+001
7.753045e+002,1.220623e+001
7.772330e+002,2.255082e+001
7.791614e+002,3.027354e+001
7.810899e+002,3.521774e+001
7.830184e+002,2.576923e+001
7.849468e+002,-7.985964e-001
7.868753e+002,-1.709160e+001
7.888038e+002,2.101315e+001
7.907322e+002,2.501094e+001
7.926607e+002,8.248722e+000
7.945892e+002,-8.468794e+000
7.965176e+002,-7.387860e+000
7.984461e+002,1.347561e+001
8.003746e+002,2.962586e+001
8.023030e+002,3.641847e+000
8.042315e+002,4.820305e+000
8.061600e+002,1.407810e+001
8.080884e+002,1.097544e+001
8.100169e+002,4.093891e+000
8.119454e+002,1.772311e+001
8.138738e+002,3.011594e+001
8.158023e+002,1.359030e+001
8.177308e+002,2.421574e+001
8.196592e+002,1.609995e+001
8.215877e+002,5.909924e+000
8.235162e+002,1.798521e+001
8.254446e+002,2.291256e+001
8.273731e+002,-4.397804e+000
8.293016e+002,2.811903e+000
8.312300e+002,-3.764359e+000
8.331585e+002,-2.653395e+000
8.350870e+002,8.278882e+000
8.370154e+002,1.684543e+001
8.389439e+002,2.588261e+001
8.408724e+002,2.310045e+001
8.428008e+002,7.592287e+000
8.447293e+002,4.074154e+000
8.466578e+002,1.117211e+001
8.485862e+002,9.840329e+000
8.505147e+002,-3.651759e+000
8.524432e+002,3.643780e+000
8.543716e+002,1.250806e+001
8.563001e+002,9.772738e+000
8.582286e+002,2.404293e+001
8.601570e+002,1.991852e+001
8.620855e+002,1.829569e+000
8.640140e+002,1.988134e+000
8.659424e+002,8.128403e+000
8.678709e+002,2.448176e+001
8.697994e+002,9.994168e+000
8.717278e+002,2.718510e+000
8.736563e+002,3.022325e+000
8.755848e+002,1.025195e-001
8.775132e+002,-4.094201e+000
8.794417e+002,9.963476e+000
8.813702e+002,3.104044e+001
8.832986e+002,2.498143e+001
8.852271e+002,1.045238e+001
8.871556e+002,2.738173e+001
8.890840e+002,3.512254e+001
8.910125e+002,-3.949995e-001
8.929410e+002,9.080809e+000
8.948694e+002,1.052017e+001
8.967979e+002,1.421557e+001
8.987264e+002,3.886257e+000
9.006548e+002,1.058507e+000
9.025833e+002,9.061378e+000
9.045118e+002,9.302525e+000
9.064402e+002,-9.041962e+000
9.083687e+002,-1.003351e+001
9.102972e+002,-3.519808e+000
9.122256e+002,-4.664107e+000
9.141541e+002,-2.629423e-001
9.160826e+002,8.523306e+000
9.180110e+002,7.921662e+000
9.199395e+002,-5.438799e+000
9.218680e+002,1.335249e+000
9.237964e+002,6.008699e+000
9.257249e+002,9.642356e+000
9.276534e+002,4.379191e+000
9.295818e+002,8.524037e+000
9.315103e+002,1.920864e+001
9.334388e+002,9.792494e+000
9.353672e+002,-1.127748e+000
9.372957e+002,2.217976e+001
9.392242e+002,1.677003e+001
9.411526e+002,-9.482050e-001
9.430811e+002,-1.233397e+000
9.450096e+002,1.369533e+001
9.469380e+002,1.852477e+001
9.488665e+002,7.674897e+000
9.507950e+002,7.436545e+000
9.527234e+002,6.427860e+000
9.546519e+002,-3.334898e+000
9.565804e+002,-1.051267e+001
9.585089e+002,-1.239373e+001
9.604373e+002,-7.950586e+000
9.623658e+002,4.431405e+000
9.642943e+002,-2.381383e+000
9.662227e+002,8.205573e+000
9.681512e+002,6.289426e+000
9.700797e+002,-1.620976e+000
9.720081e+002,-4.876182e+000
9.739366e+002,-5.590185e+000
9.758651e+002,-1.083968e+001
9.777935e+002,-1.197651e+001
9.797220e+002,1.881808e+000
9.816505e+002,1.398353e+001
9.835789e+002,8.728733e+000
9.855074e+002,-7.734227e+000
9.874359e+002,-1.942356e+001
9.893643e+002,-1.425330e+001
9.912928e+002,4.788203e+000
9.932213e+002,1.561692e+001
9.951497e+002,-8.745674e+000
9.970782e+002,-7.115803e+000
9.990067e+002,-6.756421e+000
1.000935e+003,-1.000586e+001
1.002864e+003,-1.118934e+001
1.004792e+003,-8.034388e+000
1.006721e+003,-1.812622e+000
1.008649e+003,-6.027347e+000
1.010577e+003,-2.954874e+000
1.012506e+003,9.553272e+000
1.014434e+003,1.170556e+001
1.016363e+003,4.575416e+000
1.018291e+003,-2.386279e+000
1.020220e+003,-7.029888e+000
1.022148e+003,-1.504456e+001
1.024077e+003,-2.405832e+001
1.026005e+003,2.192576e+001
1.027934e+003,2.934505e+001
1.029862e+003,6.541028e+000
1.031791e+003,-5.327409e+000
1.033719e+003,1.401839e+000
1.035647e+003,-3.162251e-001
1.037576e+003,-8.701136e+000
1.039504e+003,7.452190e+000
1.041433e+003,1.164847e+001
1.043361e+003,6.918369e+000
1.045290e+003,3.460350e+000
1.047218e+003,-3.725628e+000
1.049147e+003,-1.193512e+001
1.051075e+003,-8.959391e+000
1.053004e+003,-1.088124e+001
1.054932e+003,-2.145171e+001
1.056861e+003,8.024376e+000
1.058789e+003,1.722781e+001
1.060718e+003,1.173224e+001
1.062646e+003,-6.751308e+000
1.064574e+003,-2.177244e+001
1.066503e+003,-1.087921e+001
1.068431e+003,-1.045157e+001
1.070360e+003,-3.503298e+000
1.072288e+003,-4.506126e+000
1.074217e+003,-1.034585e+001
1.076145e+003,-1.572510e+001
1.078074e+003,-1.036206e+001
1.080002e+003,6.431573e+000
1.081931e+003,1.437168e+001
1.083859e+003,-1.120675e+001
1.085788e+003,-1.245436e+001
1.087716e+003,2.150944e+001
1.089645e+003,1.213369e+001
1.091573e+003,-1.496753e+000
1.093501e+003,-3.934626e+000
1.095430e+003,7.358599e-002
1.097358e+003,1.176431e+000
1.099287e+003,-9.276337e+000
1.101215e+003,8.794783e+000
1.103144e+003,1.229849e+001
1.105072e+003,3.906981e+000
1.107001e+003,8.250342e+000
1.108929e+003,8.886177e+000
1.110858e+003,-6.240188e+000
1.112786e+003,-1.652517e+001
1.114715e+003,1.929777e+000
1.116643e+003,5.953959e+000
1.118572e+003,-2.058965e+001
1.120500e+003,8.962645e+000
1.122428e+003,-5.944555e+000
1.124357e+003,-9.241837e+000
1.126285e+003,5.866162e+000
1.128214e+003,6.133758e+000
1.130142e+003,-8.384295e+000
1.132071e+003,-3.666424e+000
1.133999e+003,1.046445e+001
1.135928e+003,-1.261976e+001
1.137856e+003,-1.785081e+001
1.139785e+003,-1.303032e+001
1.141713e+003,-1.506992e+001
1.143642e+003,-1.468892e+001
1.145570e+003,1.122079e-001
1.147499e+003,1.547823e+001
1.149427e+003,2.239384e+001
1.151355e+003,3.853039e+001
1.153284e+003,2.406768e+001
1.155212e+003,8.615852e+000
1.157141e+003,-9.448954e+000
1.159069e+003,-1.459759e+001
1.160998e+003,3.838120e+000
1.162926e+003,1.833606e+001
1.164855e+003,-9.333202e+000
1.166783e+003,-8.417755e+000
1.168712e+003,-6.381811e+000
1.170640e+003,5.974670e+000
1.172569e+003,8.020371e+000
1.174497e+003,1.341155e+000
1.176426e+003,-2.342994e+000
1.178354e+003,-7.176005e+000
1.180282e+003,-1.503225e+001
1.182211e+003,6.106486e-001
1.184139e+003,-4.559126e+000
1.186068e+003,9.790778e-001
1.187996e+003,3.213202e+000
1.189925e+003,6.927349e+000
1.191853e+003,2.417002e+001
1.193782e+003,2.040804e+001
1.195710e+003,-2.874459e+000
1.197639e+003,-4.042542e+000
1.199567e+003,-3.228817e+000
1.201496e+003,1.323198e+001
1.203424e+003,-1.661445e+000
1.205353e+003,-1.256837e+001
1.207281e+003,1.300190e+001
1.209209e+003,2.675093e+001
1.211138e+003,7.947882e+000
1.213066e+003,3.071145e+000
1.214995e+003,2.330909e+001
1.216923e+003,-1.733946e+001
1.218852e+003,-1.098211e+001
1.220780e+003,1.956077e+001
1.222709e+003,3.463084e+001
1.224637e+003,2.383165e+001
1.226566e+003,3.125590e+001
1.228494e+003,2.376811e+001
1.230423e+003,3.893704e+000
1.232351e+003,5.790530e+000
1.234280e+003,1.519556e+000
1.236208e+003,-5.756512e-001
1.238136e+003,1.898198e-001
1.240065e+003,-2.583740e+000
1.241993e+003,2.416183e+000
1.243922e+003,3.834779e+000
1.245850e+003,8.387577e+000
1.247779e+003,1.761432e+001
1.249707e+003,1.413157e+001
1.251636e+003,-1.981517e+000
1.253564e+003,1.671342e+001
1.255493e+003,9.369234e+000
1.257421e+003,2.025408e+001
1.259350e+003,1.199834e+001
1.261278e+003,2.043408e+001
1.263207e+003,2.388778e+001
1.265135e+003,3.608537e+000
1.267063e+003,-1.603534e+001
1.268992e+003,-8.786575e+000
1.270920e+003,4.534397e+000
1.272849e+003,8.254044e+000
1.274777e+003,1.554507e+001
1.276706e+003,-8.865938e+000
1.278634e+003,6.212938e+000
1.280563e+003,3.310065e+001
1.282491e+003,4.489101e+001
1.284420e+003,3.683663e+001
1.286348e+003,2.430360e+001
1.288277e+003,2.122770e+001
1.290205e+003,2.465785e+001
1.292134e+003,4.635960e+001
1.294062e+003,4.944541e+001
1.295990e+003,1.495351e+001
1.297919e+003,2.762417e+001
1.299847e+003,3.644800e+001
1.301776e+003,2.338960e+001
1.303704e+003,3.713023e+001
1.305633e+003,7.616982e+001
1.307561e+003,8.133986e+001
1.309490e+003,7.131497e+001
1.311418e+003,9.682742e+001
1.313347e+003,1.502524e+002
1.315275e+003,8.962135e+001
1.317204e+003,6.142054e+001
1.319132e+003,7.296741e+001
1.321061e+003,8.800641e+001
1.322989e+003,8.119740e+001
1.324917e+003,8.423042e+001
1.326846e+003,1.377823e+002
1.328774e+003,1.980151e+002
1.330703e+003,1.882855e+002
1.332631e+003,1.433582e+002
1.334560e+003,1.389432e+002
1.336488e+003,1.769231e+002
1.338417e+003,2.206711e+002
1.340345e+003,2.206181e+002
1.342274e+003,1.963692e+002
1.344202e+003,1.863398e+002
1.346131e+003,2.133014e+002
1.348059e+003,2.523708e+002
1.349988e+003,1.922919e+002
1.351916e+003,1.518038e+002
1.353844e+003,2.358813e+002
1.355773e+003,2.336149e+002
1.357701e+003,1.378502e+002
1.359630e+003,1.078707e+002
1.361558e+003,1.611425e+002
1.363487e+003,1.958770e+002
1.365415e+003,1.722079e+002
1.367344e+003,1.519208e+002
1.369272e+003,1.531400e+002
1.371201e+003,1.026803e+002
1.373129e+003,8.686276e+001
1.375058e+003,1.116051e+002
1.376986e+003,6.624930e+001
1.378915e+003,8.359372e+001
1.380843e+003,6.090747e+001
1.382771e+003,3.138672e+001
1.384700e+003,3.412920e+001
1.386628e+003,2.812315e+001
1.388557e+003,1.939437e+001
1.390485e+003,7.831155e+001
1.392414e+003,7.862971e+001
1.394342e+003,7.361023e+001
1.396271e+003,8.981262e+001
1.398199e+003,4.770250e+001
1.400128e+003,2.404275e+001
1.402056e+003,1.537386e+001
1.403985e+003,1.083106e+001
1.405913e+003,4.198532e+001
1.407842e+003,5.498188e+001
1.409770e+003,2.497897e+000
1.411698e+003,2.208227e+001
1.413627e+003,4.326328e+001
1.415555e+003,1.906373e+001
1.417484e+003,9.445609e+000
1.419412e+003,1.733849e+000
1.421341e+003,7.621640e+000
1.423269e+003,2.332952e+001
1.425198e+003,3.518311e+001
1.427126e+003,2.761053e+001
1.429055e+003,3.086506e+000
1.430983e+003,-7.057846e+000
1.432912e+003,1.599957e+001
1.434840e+003,2.433090e+001
1.436769e+003,9.447813e+000
1.438697e+003,9.962467e+000
1.440625e+003,-1.200073e+001
1.442554e+003,2.443716e+001
1.444482e+003,1.023115e+001
1.446411e+003,2.499191e+001
1.448339e+003,3.990054e+001
1.450268e+003,3.159214e+001
1.452196e+003,2.784213e+001
1.454125e+003,3.491199e+001
1.456053e+003,4.158943e+001
1.457982e+003,3.184321e+001
1.459910e+003,1.500690e+001
1.461839e+003,2.079488e+001
1.463767e+003,1.804435e+001
1.465696e+003,9.516275e+000
1.467624e+003,4.360066e+000
1.469552e+003,1.104260e+001
1.471481e+003,1.376520e+001
1.473409e+003,1.255097e+001
1.475338e+003,6.503626e+000
1.477266e+003,8.123532e+000
1.479195e+003,4.197538e+001
1.481123e+003,2.087778e+001
1.483052e+003,1.314204e+000
1.484980e+003,1.426340e+001
1.486909e+003,1.387854e+001
1.488837e+003,1.379654e+000
1.490766e+003,9.874917e+000
1.492694e+003,1.792712e+001
1.494623e+003,8.390466e+000
1.496551e+003,1.422958e-001
1.498479e+003,1.705491e+001
1.500408e+003,4.526914e+001
1.502336e+003,4.453180e+001
1.504265e+003,1.067045e+001
1.506193e+003,-6.344517e+000
1.508122e+003,1.681340e+001
1.510050e+003,3.844453e+001
1.511979e+003,3.522659e+001
1.513907e+003,2.021812e+001
1.515836e+003,2.508103e+001
1.517764e+003,3.027262e+001
1.519693e+003,2.676821e+001
1.521621e+003,4.231103e+001
1.523550e+003,5.500666e+001
1.525478e+003,4.521537e+001
1.527406e+003,5.089200e+001
1.529335e+003,1.943458e+001
1.531263e+003,1.208620e+001
1.533192e+003,1.877107e+001
1.535120e+003,7.683192e+001
1.537049e+003,3.167203e+001
1.538977e+003,2.930777e+001
1.540906e+003,5.569615e+001
1.542834e+003,7.474261e+001
1.544763e+003,7.907370e+001
1.546691e+003,7.501927e+001
1.548620e+003,7.406323e+001
1.550548e+003,9.332603e+001
1.552477e+003,1.338486e+002
1.554405e+003,1.560838e+002
1.556333e+003,1.353730e+002
1.558262e+003,1.812805e+002
1.560190e+003,1.812376e+002
1.562119e+003,2.074872e+002
1.564047e+003,2.251404e+002
1.565976e+003,2.802121e+002
1.567904e+003,3.036140e+002
1.569833e+003,3.701371e+002
1.571761e+003,4.268206e+002
1.573690e+003,4.490125e+002
1.575618e+003,5.465144e+002
1.577547e+003,7.355415e+002
1.579475e+003,8.462578e+002
1.581404e+003,8.101082e+002
1.583332e+003,7.350455e+002
1.585260e+003,5.901015e+002
1.587189e+003,5.806674e+002
1.589117e+003,4.947401e+002
1.591046e+003,4.318277e+002
1.592974e+003,2.810650e+002
1.594903e+003,2.312002e+002
1.596831e+003,1.914262e+002
1.598760e+003,1.789579e+002
1.600688e+003,1.994346e+002
1.602617e+003,1.838708e+002
1.604545e+003,1.380822e+002
1.606474e+003,1.330455e+002
1.608402e+003,1.529759e+002
1.610331e+003,1.258471e+002
1.612259e+003,1.092829e+002
1.614188e+003,1.787085e+002
1.616116e+003,1.168169e+002
1.618044e+003,8.862410e+001
1.619973e+003,1.449808e+002
1.621901e+003,1.099790e+002
1.623830e+003,5.098622e+001
1.625758e+003,4.301822e+001
1.627687e+003,9.554301e+001
1.629615e+003,1.287388e+002
1.631544e+003,9.741365e+001
1.633472e+003,4.723421e+001
1.635401e+003,2.625967e+001
1.637329e+003,3.282207e+001
1.639258e+003,2.524043e+001
1.641186e+003,3.647604e+000
1.643115e+003,1.350480e+001
1.645043e+003,8.362298e+000
1.646971e+003,2.705102e+000
1.648900e+003,2.326233e+001
1.650828e+003,2.595092e+001
1.652757e+003,1.886522e+001
1.654685e+003,2.729528e+001
1.656614e+003,1.105797e+001
1.658542e+003,-2.504998e+000
1.660471e+003,8.269715e+000
1.662399e+003,2.375708e+001
1.664328e+003,3.365037e+001
1.666256e+003,3.191859e+001
1.668185e+003,1.631934e+001
1.670113e+003,6.994065e+000
1.672042e+003,1.665803e+001
1.673970e+003,1.602866e+001
1.675898e+003,2.090381e+001
1.677827e+003,1.880742e+001
1.679755e+003,4.552070e+000
1.681684e+003,1.075055e+001
1.683612e+003,1.096129e+000
1.685541e+003,1.276299e+000
1.687469e+003,2.631833e+001
1.689398e+003,3.187243e+001
1.691326e+003,1.660830e+001
1.693255e+003,1.058253e+001
1.695183e+003,2.068033e+001
1.697112e+003,3.737007e+001
1.699040e+003,4.326640e+001
1.700969e+003,2.341975e+001
1.702897e+003,2.823062e-001
1.704825e+003,1.196363e+001
1.706754e+003,1.568352e+001
1.708682e+003,2.621713e+001
1.710611e+003,2.703703e+001
1.712539e+003,2.767630e+001
1.714468e+003,3.038540e+001
1.716396e+003,1.790832e+001
1.718325e+003,1.351218e+001
1.720253e+003,1.096370e+000
1.722182e+003,-1.174467e+000
1.724110e+003,2.609515e-001
1.726039e+003,-1.023200e+001
1.727967e+003,-4.086554e+000
1.729896e+003,3.049717e+001
1.731824e+003,4.589176e+001
1.733752e+003,2.752454e+001
1.735681e+003,2.017819e+001
1.737609e+003,2.348488e+001
1.739538e+003,2.744946e+001
1.741466e+003,3.223335e+001
1.743395e+003,1.781287e+001
1.745323e+003,1.236729e+001
1.747252e+003,1.841233e+001
1.749180e+003,1.414315e+001
1.751109e+003,1.987569e+000
1.753037e+003,1.000757e+001
1.754966e+003,1.775117e+001
1.756894e+003,5.435756e+000
1.758823e+003,5.647683e+000
1.760751e+003,1.198497e+001
1.762679e+003,4.558857e+000
1.764608e+003,3.504081e+000
1.766536e+003,9.711463e+000
1.768465e+003,1.015024e+000
1.770393e+003,1.271307e+000
1.772322e+003,1.849232e+001
1.774250e+003,1.082460e+001
1.776179e+003,9.514801e+000
1.778107e+003,4.531906e+000
1.780036e+003,-1.058893e+000
1.781964e+003,-7.894363e-001
1.783893e+003,1.937594e-001
1.785821e+003,-2.647117e+000
1.787750e+003,4.147501e+000
1.789678e+003,2.275593e+001
1.791606e+003,6.862823e+000
1.793535e+003,1.115971e+001
1.795463e+003,1.096322e+001
1.797392e+003,-1.502744e+001
1.799320e+003,-4.834668e+000
1.801249e+003,1.107191e+001
1.803177e+003,1.045714e+000
1.805106e+003,3.427420e-001
1.807034e+003,9.623726e+000
1.808963e+003,9.928601e+000
1.810891e+003,1.751110e+001
1.812820e+003,3.022955e+001
1.814748e+003,1.514619e+001
1.816677e+003,-3.998034e+000
1.818605e+003,2.483191e+001
1.820533e+003,2.548190e+001
1.822462e+003,-1.439505e+001
1.824390e+003,1.202510e+001
1.826319e+003,1.020877e+001
1.828247e+003,-7.490513e+000
1.830176e+003,1.535987e+001
1.832104e+003,1.845848e+001
1.834033e+003,3.235192e+001
1.835961e+003,1.888673e+001
1.837890e+003,-7.698216e+000
1.839818e+003,-1.394759e+001
1.841747e+003,-4.601068e-001
1.843675e+003,1.093757e+001
1.845604e+003,8.798319e+000
1.847532e+003,2.053571e+001
1.849460e+003,3.283093e+001
1.851389e+003,2.906866e+001
1.853317e+003,2.521851e+001
1.855246e+003,1.948321e+001
1.857174e+003,3.916132e+001
1.859103e+003,3.979558e+001
1.861031e+003,2.662907e+001
1.862960e+003,1.233653e+001
1.864888e+003,-6.904408e+000
1.866817e+003,-8.417387e+000
1.868745e+003,-5.104282e+000
1.870674e+003,1.679004e+000
1.872602e+003,1.574097e+001
1.874531e+003,8.359426e+000
1.876459e+003,-8.171492e-001
1.878387e+003,-2.428857e+000
1.880316e+003,7.206150e+000
1.882244e+003,-1.220579e+000
1.884173e+003,-1.944385e+000
1.886101e+003,5.842968e+000
1.888030e+003,-4.201153e+000
1.889958e+003,1.100621e+000
1.891887e+003,1.182885e+001
1.893815e+003,2.219329e+001
1.895744e+003,2.561386e+001
1.897672e+003,1.218501e+001
1.899601e+003,4.966764e-001
1.901529e+003,2.328534e-001
1.903458e+003,-4.469414e-001
1.905386e+003,5.085194e+000
1.907314e+003,1.510505e+001
1.909243e+003,1.337824e+001
1.911171e+003,1.941959e+001
1.913100e+003,1.294877e+001
1.915028e+003,1.028399e+001
1.916957e+003,2.085883e+001
1.918885e+003,1.015238e+001
1.920814e+003,2.688972e+001
1.922742e+003,1.653783e+001
1.924671e+003,7.057006e+000
1.926599e+003,7.082510e+000
1.928528e+003,-8.453579e+000
1.930456e+003,-6.453681e+000
1.932385e+003,1.042776e+001
1.934313e+003,1.675497e+001
1.936241e+003,9.958575e+000
1.938170e+003,-9.924326e-001
1.940098e+003,-1.998596e-001
1.942027e+003,1.440484e+001
1.943955e+003,3.453238e+001
1.945884e+003,1.944303e+001
1.947812e+003,3.115125e+000
1.949741e+003,9.810608e+000
1.951669e+003,1.633370e+001
1.953598e+003,7.473260e+000
1.955526e+003,-2.226944e-001
1.957455e+003,4.265481e+000
1.959383e+003,4.359907e+000
1.961312e+003,3.913292e+000
1.963240e+003,1.278880e+001
1.965168e+003,1.849595e+001
1.967097e+003,1.561879e+001
1.969025e+003,9.541225e+000
1.970954e+003,1.967146e+001
1.972882e+003,2.500796e+001
1.974811e+003,1.367199e+001
1.976739e+003,9.528854e+000
1.978668e+003,7.329186e+000
1.980596e+003,6.699775e+000
1.982525e+003,2.049471e+001
1.984453e+003,2.087124e+001
1.986382e+003,-1.140909e-001
1.988310e+003,9.312910e+000
1.990239e+003,-2.284857e+000
1.992167e+003,5.983516e+000
1.994095e+003,1.178778e+001
1.996024e+003,1.348042e+001
1.997952e+003,-4.633898e+000
1.999881e+003,1.383224e+001
2.001809e+003,8.024125e-001
2.003738e+003,-5.788698e+000
2.005666e+003,-6.912520e+000
2.007595e+003,-5.688632e+000
2.009523e+003,5.872413e+000
2.011452e+003,1.812283e+001
2.013380e+003,1.498895e+001
2.015309e+003,2.400277e+000
2.017237e+003,-6.943234e+000
2.019166e+003,-5.007259e+000
2.021094e+003,-2.358288e+000
2.023022e+003,1.215736e+001
2.024951e+003,3.490818e+001
2.026879e+003,1.917661e+001
2.028808e+003,-3.967028e-001
2.030736e+003,9.678646e+000
2.032665e+003,2.534725e+001
2.034593e+003,2.061427e+001
2.036522e+003,9.566175e+000
2.038450e+003,1.134383e+001
2.040379e+003,1.187383e+001
2.042307e+003,7.796219e+000
2.044236e+003,1.261276e+001
2.046164e+003,1.893538e+001
2.048093e+003,1.399280e+001
2.050021e+003,1.635800e+001
2.051949e+003,1.323449e+001
2.053878e+003,5.094159e+000
2.055806e+003,2.958703e+001
2.057735e+003,4.863804e+000
2.059663e+003,6.155362e-001
2.061592e+003,1.397312e+001
2.063520e+003,1.008143e+001
2.065449e+003,1.006786e+001
2.067377e+003,1.107368e+001
2.069306e+003,-3.286845e+000
2.071234e+003,2.657272e+000
2.073163e+003,1.653640e+001
2.075091e+003,1.422439e+001
2.077020e+003,6.697827e+000
2.078948e+003,4.831601e+000
2.080876e+003,1.065233e+001
2.082805e+003,1.145159e+001
2.084733e+003,7.489818e+000
2.086662e+003,9.017609e+000
2.088590e+003,4.388064e+000
2.090519e+003,-3.334246e-001
2.092447e+003,4.610490e+000
2.094376e+003,5.195854e+000
2.096304e+003,-5.128557e+000
2.098233e+003,1.315107e+000
2.100161e+003,2.113390e+001
2.102090e+003,-7.853174e-001
2.104018e+003,1.320973e+000
2.105947e+003,-8.148972e+000
2.107875e+003,-1.188264e+000
2.109803e+003,1.396449e+001
2.111732e+003,2.087537e+001
2.113660e+003,1.734156e+000
2.115589e+003,7.227433e+000
2.117517e+003,1.489058e+001
2.119446e+003,6.472117e+000
2.121374e+003,-1.916570e+000
2.123303e+003,-3.020778e+000
2.125231e+003,5.811211e+000
2.127160e+003,-5.114244e+000
2.129088e+003,3.198677e+001
2.131017e+003,6.985561e+000
2.132945e+003,2.461788e+001
2.134874e+003,1.225728e+001
2.136802e+003,4.671675e+000
2.138730e+003,1.827427e+001
2.140659e+003,8.800746e+000
2.142587e+003,5.690758e+000
2.144516e+003,-1.304531e-001
2.146444e+003,-7.471173e+000
2.148373e+003,-4.538971e+000
2.150301e+003,-3.515714e+000
2.152230e+003,1.327955e+001
2.154158e+003,8.757309e+000
2.156087e+003,1.887184e+001
2.158015e+003,1.671923e+001
2.159944e+003,-4.517584e+000
2.161872e+003,-6.896529e+000
2.163801e+003,-2.023826e+000
2.165729e+003,-5.617990e+000
2.167657e+003,5.750426e+000
2.169586e+003,1.101374e+001
2.171514e+003,1.900111e+001
2.173443e+003,2.941611e+001
2.175371e+003,1.387507e+001
2.177300e+003,-5.249128e-001
2.179228e+003,1.882811e+001
2.181157e+003,5.934910e+000
2.183085e+003,-3.577634e+000
2.185014e+003,2.693410e+001
2.186942e+003,1.825617e+001
2.188871e+003,-3.527588e+000
2.190799e+003,-5.701079e+000
2.192728e+003,-8.612804e+000
2.194656e+003,5.265211e+000
2.196584e+003,7.385334e+000
2.198513e+003,1.870019e+000
2.200441e+003,6.227253e+000
2.202370e+003,2.235252e+000
2.204298e+003,-6.775702e+000
2.206227e+003,-3.416455e+000
2.208155e+003,1.291739e+001
2.210084e+003,1.943727e+001
2.212012e+003,1.419791e+001
2.213941e+003,-4.777592e+000
2.215869e+003,-1.412562e+001
2.217798e+003,9.313986e+000
2.219726e+003,4.084589e+000
2.221655e+003,2.163252e+000
2.223583e+003,8.917075e+000
2.225511e+003,1.139108e+001
2.227440e+003,8.477397e+000
2.229368e+003,2.469802e+000
2.231297e+003,1.344959e+001
2.233225e+003,2.443422e+001
2.235154e+003,-1.776436e+001
2.237082e+003,8.496057e+000
2.239011e+003,1.552692e+001
2.240939e+003,-1.392221e+000
2.242868e+003,2.250486e+001
2.244796e+003,7.289249e+000
2.246725e+003,8.719336e+000
2.248653e+003,-5.692603e+000
2.250582e+003,-1.174962e+001
2.252510e+003,-1.235842e+000
2.254438e+003,-8.162889e-001
2.256367e+003,6.841609e+000
2.258295e+003,2.221333e+001
2.260224e+003,3.468315e+000
2.262152e+003,3.405532e+000
2.264081e+003,-1.222187e+000
2.266009e+003,1.025685e+001
2.267938e+003,2.218973e+000
2.269866e+003,2.484222e+001
2.271795e+003,5.336128e+001
2.273723e+003,2.991652e+001
2.275652e+003,4.316073e+000
2.277580e+003,-5.981744e+000
2.279509e+003,-9.858044e+000
2.281437e+003,3.535913e+000
2.283365e+003,1.873069e+001
2.285294e+003,4.540267e+000
2.287222e+003,4.562168e-001
2.289151e+003,-3.805772e+000
2.291079e+003,2.790673e+000
2.293008e+003,-4.708594e+000
2.294936e+003,-1.643926e+001
2.296865e+003,7.403512e+000
2.298793e+003,2.590350e+001
2.300722e+003,-1.972041e+000
2.302650e+003,-1.127888e+001
2.304579e+003,6.173863e-001
2.306507e+003,-5.569016e+000
2.308436e+003,-9.292221e+000
2.310364e+003,7.606706e+000
2.312292e+003,-1.716879e+000
2.314221e+003,-2.290518e+001
2.316149e+003,-3.525174e+000
2.318078e+003,1.654865e+001
2.320006e+003,-8.648369e+000
2.321935e+003,2.555713e+000
2.323863e+003,1.307456e+001
2.325792e+003,6.881324e+000
2.327720e+003,2.610461e+000
2.329649e+003,1.717154e+001
2.331577e+003,9.237137e+000
2.333506e+003,9.240398e+000
2.335434e+003,5.944942e+000
2.337363e+003,-2.206908e+001
2.339291e+003,-1.529569e+001
2.341219e+003,1.054389e+001
2.343148e+003,2.484403e+001
2.345076e+003,-9.886950e+000
2.347005e+003,-2.491882e+001
2.348933e+003,-2.708549e+000
2.350862e+003,-1.356046e+001
2.352790e+003,-2.229923e+001
2.354719e+003,1.303204e+001
2.356647e+003,4.849072e+001
2.358576e+003,1.991677e+001
2.360504e+003,2.314955e+000
2.362433e+003,-4.818460e+000
2.364361e+003,8.507916e+000
2.366290e+003,1.391252e+001
2.368218e+003,1.478358e+001
2.370146e+003,-9.096107e-001
2.372075e+003,-6.393946e+000
2.374003e+003,-7.998834e+000
2.375932e+003,-6.139421e-001
2.377860e+003,-1.519646e+001
2.379789e+003,-1.722094e+001
2.381717e+003,-5.415589e+000
2.383646e+003,-1.239443e+001
2.385574e+003,-1.847744e+001
2.387503e+003,-7.316381e+000
2.389431e+003,-5.147984e+000
2.391360e+003,5.181641e+000
2.393288e+003,-1.605760e+001
2.395217e+003,-3.646384e+000
2.397145e+003,-3.803892e+000
2.399073e+003,-2.923562e+001
2.401002e+003,-9.295527e+000
2.402930e+003,3.038782e+000
2.404859e+003,-4.444314e+000
2.406787e+003,-7.832226e+000
2.408716e+003,-5.296162e+000
2.410644e+003,2.773924e+000
2.412573e+003,-2.997968e+000
2.414501e+003,-2.976201e+000
2.416430e+003,2.521266e+001
2.418358e+003,1.075082e+001
2.420287e+003,1.538443e+001
2.422215e+003,-1.190520e+001
2.424144e+003,1.361771e-001
2.426072e+003,6.689511e+000
2.428000e+003,-7.386717e+000
2.429929e+003,-2.372802e+001
2.431857e+003,-1.667826e+001
2.433786e+003,1.679668e+001
2.435714e+003,2.990195e+001
2.437643e+003,7.083537e+000
2.439571e+003,4.011648e+000
2.441500e+003,3.383839e+001
2.443428e+003,1.150512e+001
2.445357e+003,-1.563837e+000
2.447285e+003,1.900596e+001
2.449214e+003,3.015759e+001
2.451142e+003,9.296368e+000
2.453071e+003,-9.019564e+000
2.454999e+003,-4.661074e-001
2.456927e+003,1.967098e+001
2.458856e+003,2.939496e+001
2.460784e+003,1.673553e+001
2.462713e+003,3.642194e+000
2.464641e+003,1.783910e+001
2.466570e+003,2.902384e+001
2.468498e+003,-2.943696e+000
2.470427e+003,-1.805818e+001
2.472355e+003,-4.049778e-001
2.474284e+003,4.140153e+000
2.476212e+003,5.640154e+001
2.478141e+003,2.094393e+001
2.480069e+003,-2.247420e+000
2.481998e+003,-1.060402e+001
2.483926e+003,3.431559e+001
2.485854e+003,3.427972e+001
2.487783e+003,-7.830477e-001
2.489711e+003,-1.238960e+001
2.491640e+003,-2.977800e+000
2.493568e+003,1.656881e+001
2.495497e+003,2.668128e+000
2.497425e+003,1.311904e+001
2.499354e+003,2.689327e+000
2.501282e+003,-5.954410e+000
2.503211e+003,-4.869251e-001
2.505139e+003,8.719548e+000
2.507068e+003,-7.751087e+000
2.508996e+003,-2.303177e+001
2.510925e+003,-2.165888e+001
2.512853e+003,-1.445739e+001
2.514781e+003,-3.392387e+000
2.516710e+003,8.373146e+000
2.518638e+003,4.270388e+001
2.520567e+003,4.021065e+001
2.522495e+003,4.251271e+000
2.524424e+003,5.771544e+000
2.526352e+003,-5.269814e-001
2.528281e+003,1.244300e+001
2.530209e+003,1.499088e+001
2.532138e+003,4.400143e+000
2.534066e+003,8.726020e-001
2.535995e+003,1.144290e+000
2.537923e+003,-8.322247e+000
2.539852e+003,4.288803e+000
2.541780e+003,2.454701e+001
2.543708e+003,1.331322e+001
2.545637e+003,-9.076710e-001
2.547565e+003,-1.284969e+001
2.549494e+003,-1.736903e+000
2.551422e+003,-1.854534e+001
2.553351e+003,-4.144532e+000
2.555279e+003,9.020391e+000
2.557208e+003,1.226224e+001
2.559136e+003,2.915892e+001
2.561065e+003,8.493660e+000
2.562993e+003,-2.327537e+001
2.564922e+003,4.053369e+000
2.566850e+003,2.233830e+001
2.568779e+003,-1.966284e+001
2.570707e+003,-8.216084e+000
2.572635e+003,-1.605951e+001
2.574564e+003,2.384351e+001
2.576492e+003,6.581613e+000
2.578421e+003,1.931291e+001
2.580349e+003,3.556647e+001
2.582278e+003,2.686732e+001
2.584206e+003,2.963020e+001
2.586135e+003,2.494842e+001
2.588063e+003,8.640981e+000
2.589992e+003,9.385526e+000
2.591920e+003,-4.826858e+000
2.593849e+003,1.420870e+001
2.595777e+003,1.381266e+001
2.597706e+003,1.584743e+001
2.599634e+003,5.545271e+001
2.601563e+003,9.248411e+000
2.603491e+003,2.198585e+001
2.605419e+003,1.104986e+001
2.607348e+003,6.245408e+000
2.609276e+003,3.151469e+001
2.611205e+003,2.862127e+001
2.613133e+003,1.366014e+001
2.615062e+003,1.946211e+001
2.616990e+003,3.089719e+001
2.618919e+003,2.186634e+001
2.620847e+003,5.390900e+001
2.622776e+003,3.823447e+001
2.624704e+003,2.756444e+000
2.626633e+003,6.503267e+001
2.628561e+003,3.157072e+001
2.630490e+003,3.007141e+001
2.632418e+003,3.351870e+001
2.634346e+003,2.860615e+001
2.636275e+003,3.984869e+001
2.638203e+003,6.473393e+001
2.640132e+003,7.864328e+001
2.642060e+003,4.025992e+001
2.643989e+003,6.802714e+001
2.645917e+003,6.578470e+001
2.647846e+003,4.196919e+001
2.649774e+003,1.248050e+002
2.651703e+003,1.142850e+002
2.653631e+003,1.212988e+002
2.655560e+003,1.054416e+002
2.657488e+003,1.024921e+002
2.659417e+003,1.034493e+002
2.661345e+003,1.198237e+002
2.663273e+003,1.063794e+002
2.665202e+003,1.269079e+002
2.667130e+003,1.725499e+002
2.669059e+003,2.032068e+002
2.670987e+003,1.666145e+002
2.672916e+003,1.696089e+002
2.674844e+003,2.219386e+002
2.676773e+003,2.242054e+002
2.678701e+003,2.293793e+002
2.680630e+003,1.489002e+002
2.682558e+003,2.125870e+002
2.684487e+003,2.755033e+002
2.686415e+003,2.246685e+002
2.688344e+003,1.655860e+002
2.690272e+003,2.208219e+002
2.692200e+003,2.223625e+002
2.694129e+003,2.174469e+002
2.696057e+003,2.162439e+002
2.697986e+003,1.754600e+002
2.699914e+003,1.958150e+002
2.701843e+003,2.567001e+002
2.703771e+003,2.194866e+002
2.705700e+003,2.487197e+002
2.707628e+003,2.920601e+002
2.709557e+003,3.026646e+002
2.711485e+003,2.657344e+002
2.713414e+003,2.668232e+002
2.715342e+003,2.824728e+002
2.717271e+003,2.561289e+002
2.719199e+003,2.958341e+002
2.721127e+003,2.363717e+002
2.723056e+003,2.251975e+002
2.724984e+003,2.665833e+002
2.726913e+003,2.548100e+002
2.728841e+003,2.445569e+002
2.730770e+003,1.976021e+002
2.732698e+003,2.005333e+002
2.734627e+003,1.884782e+002
2.736555e+003,1.524000e+002
2.738484e+003,1.978958e+002
2.740412e+003,1.777111e+002
2.742341e+003,9.972948e+001
2.744269e+003,1.154663e+002
2.746198e+003,1.190298e+002
2.748126e+003,5.238888e+001
2.750054e+003,9.277618e+001
2.751983e+003,7.336935e+001
2.753911e+003,2.007944e+001
2.755840e+003,3.177628e+001
2.757768e+003,5.278959e+001
2.759697e+003,6.287541e+001
2.761625e+003,3.859067e+001
2.763554e+003,2.652894e+001
2.765482e+003,2.604115e+001
2.767411e+003,6.449690e+001
2.769339e+003,6.316348e+001
2.771268e+003,3.821774e+001
2.773196e+003,3.364516e+001
2.775125e+003,1.471252e+001
2.777053e+003,5.229198e+000
2.778981e+003,2.066851e+001
2.780910e+003,7.512231e+000
2.782838e+003,-2.986392e+000
2.784767e+003,1.642024e+001
2.786695e+003,3.649774e+001
2.788624e+003,1.620045e+001
2.790552e+003,1.382697e+001
2.792481e+003,1.124401e+001
2.794409e+003,5.779580e+000
2.796338e+003,4.433317e+000
2.798266e+003,3.443970e+001
2.800195e+003,1.734591e+001
2.802123e+003,6.363008e+000
2.804052e+003,2.250217e+001
2.805980e+003,1.491297e+001
2.807908e+003,-1.177699e+001
2.809837e+003,4.683090e+000
2.811765e+003,2.830740e+001
2.813694e+003,7.732375e+000
2.815622e+003,-4.588750e+000
2.817551e+003,5.264708e+001
2.819479e+003,-1.813061e+001
2.821408e+003,-2.136983e+001
2.823336e+003,-1.513515e+001
2.825265e+003,1.103135e+001
2.827193e+003,1.833834e+001
2.829122e+003,1.987424e+001
2.831050e+003,7.009033e+000
2.832979e+003,-1.791462e+001
2.834907e+003,-1.574851e+001
2.836835e+003,2.067720e+001
2.838764e+003,6.339728e+000
2.840692e+003,1.270681e+001
2.842621e+003,-2.994199e+001
2.844549e+003,-2.311727e+000
2.846478e+003,9.509544e-001
2.848406e+003,-2.381133e+001
2.850335e+003,-2.213879e+001
2.852263e+003,-1.151237e+001
2.854192e+003,-1.535134e+001
2.856120e+003,-7.205489e+000
2.858049e+003,1.986163e+001
2.859977e+003,1.130984e+001
2.861906e+003,3.978662e+000
2.863834e+003,-6.590376e-001
2.865762e+003,-1.394231e+001
2.867691e+003,2.682447e+000
2.869619e+003,1.504306e+001
2.871548e+003,1.200414e+001
2.873476e+003,1.044253e+001
2.875405e+003,1.979848e+001
2.877333e+003,9.884045e+000
2.879262e+003,1.312027e+001
2.881190e+003,3.262872e+001
2.883119e+003,-9.040936e+000
2.885047e+003,1.768408e-001
2.886976e+003,2.066792e+001
2.888904e+003,-1.350625e+000
2.890833e+003,8.925603e+000
2.892761e+003,-7.060386e+000
2.894689e+003,-2.655794e+001
2.896618e+003,1.186215e+001
2.898546e+003,2.691449e+001
2.900475e+003,1.466261e+001
2.902403e+003,-8.020618e+000
2.904332e+003,-6.306585e+000
2.906260e+003,1.551009e+001
2.908189e+003,-1.051199e+001
2.910117e+003,6.318650e+000
2.912046e+003,-1.361278e+001
2.913974e+003,-1.569044e+001
2.915903e+003,8.629314e+000
2.917831e+003,2.823381e+001
2.919760e+003,1.462917e+001
2.921688e+003,1.882442e+001
2.923616e+003,1.252013e+001
2.925545e+003,7.183103e+000
2.927473e+003,3.140565e+001
2.929402e+003,2.411247e+001
2.931330e+003,2.742590e+001
2.933259e+003,4.241409e+000
2.935187e+003,-1.546807e+001
2.937116e+003,1.345290e+001
2.939044e+003,-3.226149e+000
2.940973e+003,1.585993e+001
2.942901e+003,2.727807e+001
2.944830e+003,2.945157e+000
2.946758e+003,1.146390e+001
2.948687e+003,2.107217e+001
2.950615e+003,2.171048e+001
2.952543e+003,9.815380e+000
2.954472e+003,9.913036e+000
2.956400e+003,1.837199e+001
2.958329e+003,5.363220e+000
2.960257e+003,-4.902418e+000
2.962186e+003,3.999222e+000
2.964114e+003,3.466964e+000
2.966043e+003,3.521659e+001
2.967971e+003,3.835098e+001
2.969900e+003,2.446591e+001
2.971828e+003,8.953351e+000
2.973757e+003,8.404181e+000
2.975685e+003,7.532865e+000
2.977614e+003,-6.574553e+000
2.979542e+003,-7.492495e+000
2.981470e+003,2.863284e+001
2.983399e+003,8.673991e+000
2.985327e+003,-3.160361e+001
2.987256e+003,-1.683766e+001
2.989184e+003,7.113623e+000
2.991113e+003,4.849340e+000
2.993041e+003,-1.101493e+001
2.994970e+003,-3.894115e+000
2.996898e+003,-4.564406e+000
2.998827e+003,-1.609562e+001
3.000755e+003,-1.566021e+001
3.002684e+003,1.144928e+001
3.004612e+003,-1.823496e+001
3.006541e+003,2.550929e+001
3.008469e+003,4.301825e+000
3.010397e+003,-1.551653e+001
3.012326e+003,-4.151671e+000
3.014254e+003,7.600626e+000
3.016183e+003,6.757979e+000
3.018111e+003,-1.125580e+001
3.020040e+003,-1.038014e+001
3.021968e+003,-5.090560e+000
3.023897e+003,-1.311885e+001
3.025825e+003,-1.555134e+001
3.027754e+003,1.079241e+000
3.029682e+003,2.049255e+001
3.031611e+003,1.323195e+001
3.033539e+003,-1.104162e+000
3.035468e+003,-1.000064e+001
3.037396e+003,2.280896e+001
3.039324e+003,3.010270e+001
3.041253e+003,-1.128720e+001
3.043181e+003,-2.323319e+001
3.045110e+003,-1.301201e+001
3.047038e+003,-1.701052e+001
3.048967e+003,-1.970774e+000
3.050895e+003,-7.332582e-001
3.052824e+003,2.112680e+000
3.054752e+003,-1.169937e+001
3.056681e+003,1.233348e+000
3.058609e+003,2.626214e-001
3.060538e+003,1.163412e+001
3.062466e+003,1.045652e+001
3.064395e+003,-6.793101e+000
3.066323e+003,-8.706455e+000
3.068251e+003,-1.855928e+001
3.070180e+003,1.308210e+001
3.072108e+003,-2.393849e+001
3.074037e+003,2.266049e+001
3.075965e+003,1.098516e+001
3.077894e+003,-2.352717e+000
3.079822e+003,-1.139851e+001
3.081751e+003,-1.661215e+001
3.083679e+003,-6.480913e+000
3.085608e+003,-3.653116e+000
3.087536e+003,-1.037172e+001
3.089465e+003,-3.260853e+000
3.091393e+003,-1.735501e+000
3.093322e+003,1.013535e+000
3.095250e+003,-1.896282e+001
3.097178e+003,5.890101e+000
3.099107e+003,1.265403e+001
3.101035e+003,-5.973436e+000
3.102964e+003,-1.417863e+001
3.104892e+003,9.324430e+000
3.106821e+003,8.819003e+000
3.108749e+003,-5.734353e+000
3.110678e+003,-2.671571e+000
3.112606e+003,9.763560e-001
3.114535e+003,5.903225e+000
3.116463e+003,-2.259654e+000
3.118392e+003,-8.342791e+000
3.120320e+003,1.198777e+001
3.122249e+003,1.107524e+001
3.124177e+003,-4.962331e+000
3.126105e+003,2.560175e+001
3.128034e+003,1.727147e+001
3.129962e+003,-6.137323e-001
3.131891e+003,-5.647011e+000
3.133819e+003,2.552155e+001
3.135748e+003,2.282301e+001
3.137676e+003,-4.491716e+000
3.139605e+003,9.427846e+000
3.141533e+003,3.584638e+001
3.143462e+003,4.208478e+001
3.145390e+003,4.547400e+001
3.147319e+003,1.547871e+001
3.149247e+003,2.249971e+001
3.151176e+003,8.850601e+000
3.153104e+003,-7.623852e+000
3.155032e+003,-2.556927e+000
3.156961e+003,8.131310e+000
3.158889e+003,8.511225e+000
3.160818e+003,-1.748413e+001
3.162746e+003,-2.978849e-001
3.164675e+003,3.138887e+001
3.166603e+003,2.522454e+000
3.168532e+003,4.683032e+000
3.170460e+003,3.508218e+001
3.172389e+003,1.790296e+001
3.174317e+003,-1.991405e+000
3.176246e+003,-8.827557e+000
3.178174e+003,3.154686e+000
3.180103e+003,9.942124e+000
3.182031e+003,-1.582626e+001
3.183959e+003,1.533455e+001
3.185888e+003,1.167327e+001
3.187816e+003,2.368878e+001
3.189745e+003,1.837139e+001
3.191673e+003,7.845748e+000
3.193602e+003,3.650494e+001
3.195530e+003,3.240489e+001
3.197459e+003,1.077993e+001
3.199387e+003,1.984442e+000
3.201316e+003,-4.361587e+000
3.203244e+003,6.592724e+000
3.205173e+003,1.821874e+001
3.207101e+003,2.005273e+001
3.209030e+003,-5.666447e-002
3.210958e+003,2.895918e+000
3.212886e+003,2.038076e+001
3.214815e+003,2.597124e+001
3.216743e+003,1.839866e+001
3.218672e+003,5.572231e+000
3.220600e+003,1.429834e+001
3.222529e+003,1.752036e+001
3.224457e+003,2.976030e+001
3.226386e+003,2.630717e+001
3.228314e+003,1.032308e+001
3.230243e+003,4.166309e+001
3.232171e+003,1.526176e+001
3.234100e+003,2.165876e+001
3.236028e+003,4.823776e+001
3.237957e+003,3.577450e+001
3.239885e+003,1.851838e+001
3.241813e+003,5.329567e+001
3.243742e+003,5.439074e+001
3.245670e+003,3.123639e+001
3.247599e+003,4.844872e+001
3.249527e+003,7.563147e+001
3.251456e+003,3.021079e+001
3.253384e+003,1.235095e+001
3.255313e+003,-5.838104e+000
3.257241e+003,2.315802e+001
3.259170e+003,1.779180e+001
3.261098e+003,1.755905e+001
3.263027e+003,2.071097e+001
3.264955e+003,1.502403e+001
3.266884e+003,4.723146e+000
3.268812e+003,1.365386e+001
3.270740e+003,5.213100e+000
3.272669e+003,1.497604e+001
3.274597e+003,1.625598e+001
3.276526e+003,1.941556e+001
3.278454e+003,1.173467e+001
3.280383e+003,1.492340e+001
3.282311e+003,1.689598e+000
3.284240e+003,-9.283962e-001
3.286168e+003,1.081492e+001
3.288097e+003,3.488940e+001
3.290025e+003,2.435840e+001
3.291954e+003,-5.126890e+000
3.293882e+003,-2.797708e+000
3.295811e+003,1.150697e+001
3.297739e+003,2.079648e+001
3.299667e+003,9.093790e+000
3.301596e+003,1.703907e+001
3.303524e+003,1.783473e+000
3.305453e+003,2.460552e+001
3.307381e+003,3.196958e+001
3.309310e+003,1.014071e+001
3.311238e+003,7.512650e+000
3.313167e+003,2.902816e+001
3.315095e+003,2.642834e+001
3.317024e+003,-3.939109e+000
3.318952e+003,1.756402e+001
3.320881e+003,4.353977e+000
3.322809e+003,1.161290e+001
3.324738e+003,3.284704e+000
3.326666e+003,1.692543e+001
3.328594e+003,2.354857e+001
3.330523e+003,1.695836e+001
3.332451e+003,3.528740e+001
3.334380e+003,2.159436e+001
3.336308e+003,1.000856e+001
3.338237e+003,1.071912e+001
3.340165e+003,6.667850e+000
3.342094e+003,-1.135937e+000
3.344022e+003,2.706880e+001
3.345951e+003,2.080507e+001
3.347879e+003,-1.961515e+000
3.349808e+003,5.410291e+000
3.351736e+003,1.155298e+001
3.353665e+003,1.539235e+001
3.355593e+003,2.365184e+001
3.357521e+003,2.885311e+001
3.359450e+003,2.091102e+001
3.361378e+003,1.063851e+001
3.363307e+003,2.978270e+001
3.365235e+003,3.668080e+001
3.367164e+003,2.184174e+001
3.369092e+003,9.740236e+000
3.371021e+003,-3.662968e-002
3.372949e+003,2.360841e+001
3.374878e+003,2.214460e+001
3.376806e+003,3.086728e+001
3.378735e+003,2.668555e+001
3.380663e+003,-9.487434e+000
3.382592e+003,2.296479e+001
3.384520e+003,1.626720e+000
3.386448e+003,-1.487255e+000
3.388377e+003,2.441600e+001
3.390305e+003,1.864783e+001
3.392234e+003,1.593044e+001
3.394162e+003,1.258077e+001
3.396091e+003,2.127865e+001
3.398019e+003,1.433894e+001
3.399948e+003,3.858069e+000
